program	mpc2500_jv313.bin
image_base	0x09000000
boot_update_hits	207
progress_hits	3
seed_function	UPD_09047c9a	09047c9a
seed_function	UPD_0904f61c	0904f61c
seed_function	UPD_0908925e	0908925e
seed_function	UPD_09000482	09000482
seed_function	UPD_090004ea	090004ea
seed_function	UPD_09010412	09010412
seed_function	UPD_09010432	09010432
seed_function	UPD_09022d94	09022d94
seed_function	UPD_09024ca8	09024ca8
seed_function	UPD_09024cca	09024cca
seed_function	UPD_09025f9a	09025f9a
seed_function	UPD_09025fc2	09025fc2
seed_function	UPD_09027eac	09027eac
seed_function	UPD_09027efa	09027efa
seed_function	UPD_0904644e	0904644e
seed_function	UPD_0904a9d2	0904a9d2
seed_function	UPD_0904a9f0	0904a9f0
seed_function	UPD_0904afbc	0904afbc
seed_function	UPD_0904afbc	0904afbc
seed_function	UPD_0904c600	0904c600
seed_function	UPD_0904c618	0904c618
seed_function	UPD_0904fd88	0904fd88
seed_function	UPD_09050c1e	09050c1e
seed_function	UPD_09050c2e	09050c2e
seed_function	UPD_09053508	09053508
seed_function	UPD_09053526	09053526
seed_function	UPD_090535f4	090535f4
seed_function	UPD_0906ef52	0906ef52
seed_function	UPD_0906ef5c	0906ef5c
seed_function	UPD_0906f916	0906f916
seed_function	UPD_0906f920	0906f920
seed_function	UPD_0906fcdc	0906fcdc
seed_function	UPD_0906fcdc	0906fcdc
seed_function	UPD_09070566	09070566
seed_function	UPD_09070570	09070570
seed_function	UPD_09070f2a	09070f2a
seed_function	UPD_09070f34	09070f34
seed_function	UPD_090712f0	090712f0
seed_function	UPD_090712f0	090712f0
seed_function	UPD_0907605e	0907605e
seed_function	UPD_0907ba9c	0907ba9c
seed_function	UPD_0907baa6	0907baa6
seed_function	UPD_0907c310	0907c310
seed_function	UPD_0907c310	0907c310
seed_function	UPD_0907c310	0907c310
seed_function	UPD_09080c2c	09080c2c
seed_function	UPD_09080c60	09080c60
seed_function	UPD_09083206	09083206
seed_function	UPD_09083206	09083206
seed_function	UPD_09086c42	09086c42
seed_function	UPD_09086c50	09086c50
seed_function	UPD_0908b6e4	0908b6e4
seed_function	UPD_0908b6e4	0908b6e4
seed_function	UPD_090a6738	090a6738
seed_function	UPD_090bdb2e	090bdb2e
seed_function	UPD_090bdb38	090bdb38
seed_function	UPD_090c4034	090c4034
seed_function	UPD_090c4064	090c4064
seed_function	UPD_090c44ba	090c44ba
seed_function	UPD_090c44ea	090c44ea
