category	offset_hex	length	text
security_misc	0xc0	48	MPC2500 Boot    Version=1.01    21-DEC-2005     
security_misc	0x7c70	12	MPC2500 TEST
update_flash	0x7c9c	32	====== MPC2500 OS UPDATE =======
update_flash	0x7cf8	27	    Loading OS file .......
update_flash	0x7d14	25	  OS file not found !!   
storage_filesystem	0x7d38	25	 Insert memory card !!   
storage_filesystem	0x7ea3	28	      No memory card !!     
storage_filesystem	0x7f51	28	       Disk is full!!       
update_flash	0x7fa8	28	    File write error !!     
storage_filesystem	0x7fe2	28	      USB<===>MPC2500 !!    
sequencer_song	0x8056	28	     End of sequence !!     
sequencer_song	0x8073	28	    Sequence is unused !!   
sequencer_song	0x8090	28	  Too many bars! (999max)   
update_flash	0x80ca	28	   Flash ROM erase error!!  
update_flash	0x80e7	28	   Flash ROM write error!!  
update_flash	0x8104	28	   Flash ROM read  error!!  
midi_program	0x8121	28	    Program name exist!!    
sampling_audio	0x813e	28	     Sample name exist!!    
sampling_audio	0x815b	28	     No sample wave !!      
sampling_audio	0x81cf	28	     ChopShop sample !!     
update_flash	0x94a0	22	Flash ROM erasing    %
update_flash	0x94b8	22	Flash ROM Writing    %
security_misc	0x10000	48	MPC2500         Version=1.24   30-July-2008     
sequencer_song	0x3f2c2	7	lBAr#gn
sequencer_song	0x4ed8f	5	BAr.g
sequencer_song	0x50ea8	7	lBAr#gn
sequencer_song	0x53fa2	7	lBAr#gv
storage_filesystem	0x82c08	6	USBC0\
storage_filesystem	0x82eb4	7	USBS@*\
sequencer_song	0xa5e44	4	song
midi_program	0xa60c8	4	midi
storage_filesystem	0xae708	8	AUTOLOAD
sequencer_song	0xae80c	8	Sequence
sequencer_song	0xae828	4	Song
sequencer_song	0xae840	7	Track01
midi_program	0xaeacc	26	Waiting for MIDI time code
midi_program	0xaeae8	23	Waiting for MIDI 'Play'
sequencer_song	0xaeb20	11	TRACK DATA:
legacy_compatibility	0xaeb3c	9	MPC2000XL
sequencer_song	0xaeb84	14	ALL_SEQS&SONGS
midi_program	0xaec40	9	Program01
midi_program	0xaec4c	7	Program
sampling_audio	0xaef3c	6	RECORD
sampling_audio	0xaef44	12	Recording...
sequencer_song	0xaefc0	5	Bars:
midi_program	0xaf000	5	Midi:
sequencer_song	0xaf008	14	Program Change
sequencer_song	0xaf040	24	Transmit program changes
sequencer_song	0xaf05c	14	in this track:
sequencer_song	0xaf06c	16	Track Mute Event
sequencer_song	0xaf080	22	Use track mute events:
storage_filesystem	0xaf298	19	Access to:HARD DISK
storage_filesystem	0xaf2ac	21	Access to:MEMORY CARD
storage_filesystem	0xaf2e8	33	disk on your Mac,before you leave
storage_filesystem	0xaf320	11	Change Disk
storage_filesystem	0xaf32c	21	Access to:HARD DISK  
sequencer_song	0xaf3ac	28	Type:SAVE ALL SEQS AND SONGS
midi_program	0xaf3d8	32	Type:SAVE ALL PROGRAMS & SAMPLES
sequencer_song	0xaf408	24	This will erase sequence
sequencer_song	0xaf454	23	SEQUENCES DATA IN FLASH
midi_program	0xaf49c	20	programs and samples
midi_program	0xaf4d8	22	ALL PROGRAMS & SAMPLES
sampling_audio	0xaf518	18	Type:SAVE A SAMPLE
midi_program	0xaf538	19	Type:SAVE A PROGRAM
sequencer_song	0xaf550	20	Type:SAVE A SEQUENCE
sequencer_song	0xaf610	11	blank bars.
sequencer_song	0xaf628	14	selected bars!
sequencer_song	0xaf640	4	BARS
sequencer_song	0xaf674	10	First bar:
sequencer_song	0xaf680	10	After bar:
sequencer_song	0xaf68c	9	Last bar:
sequencer_song	0xaf6b4	15	Number of bars:
midi_program	0xaf6e8	10	NOTES     
sequencer_song	0xaf768	10	TEMPO     
sequencer_song	0xaf788	10	TRACK MUTE
sequencer_song	0xaf824	5	TRACK
sequencer_song	0xaf92c	14	PROGRAM CHANGE
sequencer_song	0xaf998	6	TRACK:
sequencer_song	0xaf9a8	25	---- End of sequence ----
midi_program	0xafa34	6	Notes:
sequencer_song	0xafa4c	4	BARS
sequencer_song	0xafacc	19	(Except drum track)
sequencer_song	0xafafc	4	BARS
sampling_audio	0xafb38	11	SAMPLE LIST
sampling_audio	0xafbe5	4	MONO
sampling_audio	0xafbf1	4	MONO
sampling_audio	0xafc64	6	SAMPLE
midi_program	0xafc7c	4	NOTE
midi_program	0xafd48	24	Reset all note assign to
sampling_audio	0xafd84	13	Purge Samples
sampling_audio	0xafdb0	23	all samples not used in
midi_program	0xafdc8	23	any programs in memory.
sampling_audio	0xafde0	20	    samples not used
sampling_audio	0xafe4c	15	Pad Sample Edit
sequencer_song	0xafe5c	5	TEMPO
sequencer_song	0xafe80	15	Original tempo:
sampling_audio	0xafecc	27	  KEEP:Keeps as new sample.
sampling_audio	0xaff24	11	New sample:
midi_program	0xaff30	4	MIDI
midi_program	0xaff40	4	NOTE
sequencer_song	0xaff48	29	Active track receive channel:
sequencer_song	0xaff78	34	Sequence change by program change:
midi_program	0xb005c	24	Reset all note assign to
sequencer_song	0xb00a0	8	Sequence
sequencer_song	0xb00b4	5	Tempo
sequencer_song	0xb00bc	4	Bars
sequencer_song	0xb00fc	5	Song:
sequencer_song	0xb0104	13	(end of song)
sampling_audio	0xb014c	5	MONO 
sampling_audio	0xb018c	11	Sample Edit
sampling_audio	0xb01fc	11	New sample:
sequencer_song	0xb02ac	5	TEMPO
sequencer_song	0xb02c0	15	Original tempo:
sequencer_song	0xb02e8	12	Detect Tempo
sequencer_song	0xb0314	25	sample tempo and enter to
sequencer_song	0xb0330	19	current tempo find.
sampling_audio	0xb0354	27	  KEEP:Keeps as new sample.
sampling_audio	0xb03ac	19	Patched Phrase Edit
sampling_audio	0xb03c8	26	Re-build patched phrase as
sampling_audio	0xb03e4	14	normal sample.
sequencer_song	0xb03fc	6	Tempo:
sequencer_song	0xb0414	27	tempo %d last beat %d : %ld
sampling_audio	0xb04c8	19	Record mix changes:
sequencer_song	0xb0574	26	<<STEP>> <<BAR>> STOP PLAY
sequencer_song	0xb0590	6	Track=
sampling_audio	0xb05cc	6	RECORD
sampling_audio	0xb0600	11	Recording..
sampling_audio	0xb061c	8	ANALOG  
sampling_audio	0xb0628	8	DIGITAL 
sequencer_song	0xb0674	6	Track:
sampling_audio	0xb067c	13	Sample Memory
sampling_audio	0xb070c	13	Record event:
sampling_audio	0xb071c	8	Sample01
storage_filesystem	0xb0728	24	      Disk not ready    
midi_program	0xb080c	9	NOTE ON  
sampling_audio	0xb095c	4	MONO
sequencer_song	0xb0c48	24	Continuous sample track:
sampling_audio	0xb0c68	29	Mute/stop of one-shot sample:
security_misc	0xb0d20	24	======= PAD TEST =======
sequencer_song	0xb0d64	11	Change Bars
sequencer_song	0xb0d70	26	Current=     >   New bars:
sequencer_song	0xb0dac	11	last bars!!
sequencer_song	0xb0dd8	20	bars after last bar.
sequencer_song	0xb0e1c	14	Number of bars
sequencer_song	0xb0e34	11	First bar :
sequencer_song	0xb0e40	11	 Last bar :
sequencer_song	0xb0e50	15	Number of bars:
sequencer_song	0xb0ea4	8	Sequence
sequencer_song	0xb0ed0	14	Sequence name:
sequencer_song	0xb0ef0	13	Copy Sequence
sequencer_song	0xb0f1c	15	Delete Sequence
sequencer_song	0xb0f48	15	this sequence!!
sequencer_song	0xb0f60	20	Delete ALL Sequences
sequencer_song	0xb0f98	11	sequences!!
sequencer_song	0xb0fd4	26	setups of this sequence as
midi_program	0xb1034	27	Duration of recorded notes:
midi_program	0xb10e4	29	Pressing FIX will change note
midi_program	0xb1104	25	timing of recorded notes.
midi_program	0xb112c	11	Note^value:
midi_program	0xb1160	5	Note:
midi_program	0xb1168	31	Pressing DO IT will change note
midi_program	0xb11ac	11	Note value:
sequencer_song	0xb11b8	12	Tempo Change
sequencer_song	0xb11c8	14	Current tempo=
sequencer_song	0xb11ec	13	Tempo change:
sequencer_song	0xb11fc	14	Initial tempo:
sequencer_song	0xb120c	9	Fix Tempo
sequencer_song	0xb1218	9	Fix tempo
sequencer_song	0xb1224	29	Pressing DO IT will fix tempo
sequencer_song	0xb1244	17	of all sequences.
sequencer_song	0xb1268	5	Track
sequencer_song	0xb1288	11	Track name:
sequencer_song	0xb12a4	12	Delete Track
sequencer_song	0xb12d8	12	this track!!
sequencer_song	0xb1300	17	Delete ALL Tracks
sequencer_song	0xb1334	8	tracks!!
sequencer_song	0xb1340	10	Copy Track
sequencer_song	0xb136c	4	Song
sequencer_song	0xb138c	10	Song name:
sequencer_song	0xb1398	9	Copy Song
sequencer_song	0xb13b4	5	Song:
sequencer_song	0xb13bc	11	Delete Song
sequencer_song	0xb13e4	11	this song!!
sequencer_song	0xb13f8	16	Delete ALL Songs
sequencer_song	0xb142c	7	songs!!
sequencer_song	0xb1434	12	Tempo Change
sequencer_song	0xb1444	26	Ignore tempo change events
sequencer_song	0xb1460	12	in sequence:
sequencer_song	0xb1474	9	Fix Tempo
sequencer_song	0xb1480	9	Fix tempo
sequencer_song	0xb148c	29	Pressing DO IT will fix tempo
sequencer_song	0xb14ac	28	of sequences this song used.
sequencer_song	0xb14cc	19	Convert Song to Seq
sequencer_song	0xb14e0	10	From Song:
sequencer_song	0xb14ec	12	To Sequence:
sequencer_song	0xb14fc	13	Track status:
sequencer_song	0xb1524	20	MUTE TRACKS IGNORED 
midi_program	0xb153c	20	MERGE ON MIDI CH    
midi_program	0xb1554	7	Program
midi_program	0xb157c	13	Program name:
sequencer_song	0xb158c	20	Midi program change:
midi_program	0xb15a4	11	New Program
midi_program	0xb15cc	12	Copy Program
midi_program	0xb15e4	14	Delete Program
midi_program	0xb1610	14	this program!!
midi_program	0xb1628	19	Delete ALL Programs
midi_program	0xb165c	11	programs!!!
midi_program	0xb167c	8	NOTE ON 
sampling_audio	0xb17d0	6	Sample
sampling_audio	0xb17f0	12	Sample name:
sequencer_song	0xb1808	15	Original tempo:
sampling_audio	0xb1818	11	Copy Sample
sampling_audio	0xb1834	7	Sample:
sampling_audio	0xb1848	13	Delete Sample
sampling_audio	0xb1858	7	Sample=
sampling_audio	0xb187c	13	this sample!!
sampling_audio	0xb1890	18	Delete ALL Samples
sampling_audio	0xb18c4	9	samples!!
sampling_audio	0xb1900	24	setups of this sample as
sequencer_song	0xb19bc	6	Tempo:
update_flash	0xb1b0c	25	   Not MPC2500 OS file !!
update_flash	0xb1b28	9	OS update
update_flash	0xb1b34	31	This writes OS to Flash memory.
security_misc	0xb1ba8	18	File code Version=
security_misc	0xb1bbc	18	File name Version=
sampling_audio	0xb1c1c	13	Load a Sample
sampling_audio	0xb1c4c	15	Sample Exists!!
sampling_audio	0xb1c5c	20	Sample name exists!!
midi_program	0xb1cac	14	Load a Program
midi_program	0xb1cc4	16	Program Exists!!
midi_program	0xb1cd8	21	Program name exists!!
midi_program	0xb1cf8	12	PROGRAM ONLY
sampling_audio	0xb1d08	12	WITH SAMPLE 
sampling_audio	0xb1d18	20	Replace same samples
midi_program	0xb1d5c	18	clear all programs
sampling_audio	0xb1d70	13	and samples!!
sequencer_song	0xb1d80	15	Load a Sequence
sequencer_song	0xb1d9c	15	SEQUENCE MEMORY
sequencer_song	0xb1dac	21	Sequence memory full!
sequencer_song	0xb1df4	25	Load ALL(SEQS&SONGS) File
sequencer_song	0xb1e30	26	      sequence and songs!!
sequencer_song	0xb1e4c	31	  SEQ will load single sequence
legacy_compatibility	0xb1e94	24	Load ALL(MPC2000XL) File
midi_program	0xb1eec	29	Load all programs and samples
sequencer_song	0xb1f0c	25	and ALL(SEQS&SONGS)files.
storage_filesystem	0xb1fac	9	Autoload:
midi_program	0xb1fb8	23	Load MPC2000XL Programs
midi_program	0xb1fd0	26	    programs and samples!!
sequencer_song	0xb203c	15	Save a Sequence
midi_program	0xb20c0	14	Save a Program
midi_program	0xb20dc	12	PROGRAM ONLY
sampling_audio	0xb20ec	12	WITH SAMPLES
sampling_audio	0xb20fc	21	Replace same samples:
sequencer_song	0xb2114	21	Save ALL Seqs & Songs
midi_program	0xb213c	17	Save ALL Programs
storage_filesystem	0xb21f8	14	AUTOLOAD file.
storage_filesystem	0xb2208	8	AUTOLOAD
storage_filesystem	0xb2214	22	Autoload Folder Exists
storage_filesystem	0xb222c	26	  AUTOLOAD folder exists!!
storage_filesystem	0xb2268	25	existing AUTOLOAD folder.
midi_program	0xb2344	11	NOTE ONLY  
midi_program	0xb2354	11	EXCEPT NOTE
sequencer_song	0xb23d4	11	TEMPO      
sequencer_song	0xb23f4	11	TRACK MUTE 
midi_program	0xb245c	5	Note:
sequencer_song	0xb247c	10	ALL TRACKS
storage_filesystem	0xb2518	28	MPC2500 Memory Card     1.00
storage_filesystem	0xb253c	52	MPC2500 Hard Disk       1.00Internal memory erasing 
midi_program	0xb2590	20	Loading program.....
sequencer_song	0xb25a8	14	ALL_SEQS&SONGS
sequencer_song	0xb25b8	16	Loading sequence
update_flash	0xb25dc	21	   Flash ROM erasing 
update_flash	0xb25f4	21	   Flash ROM Writing 
storage_filesystem	0xb2730	8	AUTOLOAD
sequencer_song	0xb2780	25	Num beats = %d : tempo %d
storage_filesystem	0xb2a18	12	AFat12Volume
storage_filesystem	0xb2a28	12	AFat16Volume
storage_filesystem	0xb2a38	12	AFat32Volume
storage_filesystem	0xb2a48	8	MSDOS5.0
storage_filesystem	0xb2a54	11	MPC2500DISK
storage_filesystem	0xb2a60	8	FAT12   
storage_filesystem	0xb2a6c	8	FAT16   
storage_filesystem	0xb2a78	8	FAT32   
storage_filesystem	0xb2c0c	13	ACompactFlash
storage_filesystem	0xb2c1c	9	AHardDisk
midi_program	0xb2cf8	19	Create new program:
sequencer_song	0xb2d0c	15	Original tempo:
sampling_audio	0xb2d84	11	New sample:
sampling_audio	0xb3800	16	Direct Recording
sampling_audio	0xb3830	22	DIRECT RECORDING mode.
sequencer_song	0xb38c8	5	TRACK
sequencer_song	0xb3978	6	Track:
sequencer_song	0xb3a00	5	TRACK
sequencer_song	0xb3a70	6	Track:
sampling_audio	0xb3a7c	7	ANALOG 
sampling_audio	0xb3a84	7	DIGITAL
sequencer_song	0xb3c18	7	Track  
storage_filesystem	0xb3d08	12	Disk status:
midi_program	0xb6cd1	13	123-NOTE OFF 
sampling_audio	0xb6cfb	13	126-MONO ON  
midi_program	0xb7553	16	123-ALL NOTE OFF
sampling_audio	0xb7586	16	126-MONO MODE ON
storage_filesystem	0xb9852	28	   Insert Memory Card !!    
storage_filesystem	0xb9900	28	       Disk is full!!       
update_flash	0xb9957	28	       File write error !!  
update_flash	0xb99ae	28	      Close write error !!  
storage_filesystem	0xb9a5c	28	      USB<===>MPC2500 !!    
sequencer_song	0xb9ad0	28	     End of sequence !!     
sequencer_song	0xb9aed	28	    Sequence is unused !!   
sequencer_song	0xb9b0a	28	  Too many bars! (999max)   
update_flash	0xb9b44	28	   Flash ROM erase error!!  
update_flash	0xb9b61	28	   Flash ROM write error!!  
update_flash	0xb9b7e	28	   Flash ROM read  error!!  
midi_program	0xb9b9b	28	    Program name exist!!    
sampling_audio	0xb9bb8	28	     Sample name exist!!    
sampling_audio	0xb9bd5	28	     No sample wave !!      
sampling_audio	0xb9c49	28	     ChopShop sample !!     
update_flash	0xb9cf7	28	       Erase error !!       
legacy_compatibility	0xb9d14	28	   Not MPC2000XL file !!    
midi_program	0xba56d	4	MIDI
storage_filesystem	0xba588	15	MEMORY CARD    
storage_filesystem	0xba598	15	HARD DISK      
midi_program	0xba5d9	16	PROGRAMS        
sampling_audio	0xba5ea	16	SAMPLES         
sequencer_song	0xba61d	16	ALL SEQS & SONGS
sampling_audio	0xba650	16	MPC2000 SAMPLES 
storage_filesystem	0xba686	15	MEMORY CARD    
storage_filesystem	0xba696	15	HARD DISK      
storage_filesystem	0xba6c4	15	MEMORY CARD    
storage_filesystem	0xba6d4	15	HARD DISK      
sequencer_song	0xbac3e	8	AS TRACK
midi_program	0xbacc9	14	MIDI CLOCK    
midi_program	0xbacd8	14	MIDI TIME CODE
midi_program	0xbacf6	14	MIDI CLOCK    
midi_program	0xbad05	14	MIDI TIME CODE
sampling_audio	0xbadd8	6	MONO L
sampling_audio	0xbaddf	6	MONO R
sampling_audio	0xbade6	6	STEREO
sequencer_song	0xbb0f4	13	TAP TEMPO    
sequencer_song	0xbb2b0	18	TO SEQUENCE LENGTH
sequencer_song	0xbb2c3	18	TO SEQUENCE END   
midi_program	0xbb39e	14	NOTE          
sequencer_song	0xbb3cb	14	PROGRAM CHANGE
sequencer_song	0xbb416	14	TEMPO CHANGE  
sequencer_song	0xbb434	14	TRACK MUTE    
storage_filesystem	0xbb680	15	HARD DISK      
sampling_audio	0xbb816	14	PATCHED PHRASE
sampling_audio	0xbb825	14	SLICED SAMPLES
storage_filesystem	0xbbc38	11	MEMORY CARD
storage_filesystem	0xbbc44	11	HARD DISK  
